<?xml version="1.0" encoding="utf-8"?>
<ripple xmlns:android="http://schemas.android.com/apk/res/android" xmlns:app="http://schemas.android.com/apk/res-auto" android:color="@color/accent_green_pressed">
    <item android:id="@android:id/background">
        <shape android:shape="rectangle">
            <solid android:color="@color/accent_green"/>
            <corners android:radius="@dimen/border_radius_m"/>
        </shape>
    </item>
    <item android:id="@android:id/mask">
        <shape android:shape="rectangle">
            <solid android:color="@color/black"/>
            <corners android:radius="@dimen/border_radius_m"/>
        </shape>
    </item>
</ripple>
