<?xml version="1.0" encoding="utf-8"?>
<RelativeLayout xmlns:android="http://schemas.android.com/apk/res/android" xmlns:app="http://schemas.android.com/apk/res-auto" xmlns:aapt="http://schemas.android.com/aapt" android:orientation="vertical" android:background="@color/background_color" android:layout_width="match_parent" android:layout_height="match_parent">
    <ScrollView android:scrollbars="none" android:layout_width="match_parent" android:layout_height="wrap_content" android:layout_marginBottom="60dp" android:nestedScrollingEnabled="false" android:elevation="10dp">
        <LinearLayout android:orientation="vertical" android:layout_width="match_parent" android:layout_height="wrap_content">
            <RelativeLayout android:layout_width="match_parent" android:layout_height="?android:attr/actionBarSize" android:layout_marginLeft="@dimen/margin_l" android:layout_marginRight="@dimen/margin_l">
                <TextView android:textSize="@dimen/text_size_xl" android:textColor="@color/text_primary" android:ellipsize="end" android:id="@+id/tv_title_uf" android:layout_width="match_parent" android:layout_height="wrap_content" android:text="@string/my_account_title" android:maxLines="1" android:lines="1" android:layout_centerVertical="true" android:layout_toStartOf="@+id/iv_protect_user_fragment"/>
                <ImageView android:id="@+id/iv_protect_user_fragment" android:layout_width="24dp" android:layout_height="24dp" android:layout_centerVertical="true" android:contentDescription="@string/label_uptodown_protect" android:layout_marginEnd="@dimen/margin_l" android:layout_toStartOf="@+id/iv_dark_mode_user_fragment" app:srcCompat="@drawable/vector_shield_protect"/>
                <ImageView android:id="@+id/iv_dark_mode_user_fragment" android:layout_width="24dp" android:layout_height="24dp" android:layout_centerVertical="true" android:contentDescription="@string/menu_left_dark_mode" android:layout_marginEnd="@dimen/margin_l" android:layout_toStartOf="@+id/iv_settings_user_fragment" app:srcCompat="@drawable/vector_moon"/>
                <ImageView android:id="@+id/iv_settings_user_fragment" android:layout_width="24dp" android:layout_height="24dp" android:layout_centerVertical="true" android:contentDescription="@string/settings" android:layout_alignParentEnd="true" app:srcCompat="@drawable/vector_edit_profile"/>
            </RelativeLayout>
            <RelativeLayout android:id="@+id/rl_user_info_user_fragment" android:focusable="true" android:layout_width="match_parent" android:layout_height="wrap_content" android:layout_marginLeft="@dimen/margin_l" android:layout_marginRight="@dimen/margin_l">
                <RelativeLayout android:id="@+id/rl_user_avatar_user_fragment" android:background="@drawable/shape_uf_avatar_bg" android:layout_width="50dp" android:layout_height="50dp">
                    <ImageView android:id="@+id/iv_user_avatar_user_fragment" android:padding="@dimen/margin_m" android:layout_width="match_parent" android:layout_height="match_parent" android:contentDescription="@null" app:srcCompat="@drawable/vector_user_login"/>
                </RelativeLayout>
                <RelativeLayout android:gravity="center_vertical" android:orientation="vertical" android:layout_width="match_parent" android:layout_height="wrap_content" android:layout_alignTop="@+id/rl_user_avatar_user_fragment" android:layout_alignBottom="@+id/rl_user_avatar_user_fragment" android:layout_marginStart="@dimen/margin_m" android:layout_toEndOf="@+id/rl_user_avatar_user_fragment">
                    <com.uptodown.util.views.UsernameTextView android:textSize="@dimen/text_size_l" android:textColor="@color/text_primary" android:ellipsize="end" android:id="@+id/tv_username_user_fragment" android:layout_width="wrap_content" android:layout_height="wrap_content" android:text="@string/sign_in_sign_up" android:maxLines="1" android:lines="1"/>
                    <ImageView android:id="@+id/iv_turbo_mark_review" android:visibility="invisible" android:layout_width="15dp" android:layout_height="15dp" android:layout_alignTop="@+id/tv_username_user_fragment" android:layout_alignBottom="@+id/tv_username_user_fragment" android:contentDescription="@null" android:layout_marginStart="@dimen/margin_s" android:layout_toEndOf="@+id/tv_username_user_fragment" app:srcCompat="@drawable/vector_turbo"/>
                    <TextView android:textSize="@dimen/text_size_xs" android:textColor="@color/white" android:id="@+id/tv_see_profile_user_fragment" android:background="@drawable/ripple_turbo_button" android:paddingLeft="@dimen/margin_m" android:paddingTop="@dimen/margin_s" android:paddingRight="@dimen/margin_m" android:paddingBottom="@dimen/margin_s" android:layout_width="wrap_content" android:layout_height="wrap_content" android:layout_marginTop="@dimen/margin_s" android:text="@string/my_profile" android:lines="1" android:layout_below="@+id/tv_username_user_fragment" android:textAllCaps="true"/>
                </RelativeLayout>
            </RelativeLayout>
            <RelativeLayout android:id="@+id/rl_shadow_uf" android:background="@drawable/shape_bottom_download_button_gradient" android:layout_width="match_parent" android:layout_height="20dp" android:layout_marginTop="@dimen/margin_l" android:layout_marginBottom="-10dp"/>
            <LinearLayout android:orientation="vertical" android:background="@drawable/shape_bg_user_fragment" android:layout_width="match_parent" android:layout_height="wrap_content">
                <LinearLayout android:orientation="horizontal" android:id="@+id/ll_my_apps_uf" android:background="@drawable/selector_uf_main_option" android:paddingLeft="@dimen/margin_l" android:paddingTop="@dimen/margin_m" android:paddingRight="@dimen/margin_l" android:paddingBottom="@dimen/margin_m" android:layout_width="match_parent" android:layout_height="wrap_content" android:layout_marginTop="@dimen/margin_m">
                    <RelativeLayout android:background="@drawable/shape_bg_uf_icon" android:layout_width="50dp" android:layout_height="50dp">
                        <ImageView android:layout_width="24dp" android:layout_height="24dp" android:layout_centerInParent="true" android:contentDescription="@null" app:srcCompat="@drawable/vector_my_apps"/>
                    </RelativeLayout>
                    <TextView android:textSize="@dimen/text_size_m" android:textColor="@color/text_primary" android:layout_gravity="center_vertical" android:id="@+id/tv_my_apps_uf" android:layout_width="wrap_content" android:layout_height="wrap_content" android:layout_marginLeft="@dimen/margin_m" android:layout_marginRight="@dimen/margin_m" android:text="@string/my_apps_menu_left"/>
                </LinearLayout>
                <RelativeLayout android:id="@+id/rl_updates_uf" android:background="@drawable/selector_uf_main_option" android:paddingLeft="@dimen/margin_l" android:paddingTop="@dimen/margin_m" android:paddingRight="@dimen/margin_l" android:paddingBottom="@dimen/margin_m" android:layout_width="match_parent" android:layout_height="wrap_content">
                    <RelativeLayout android:id="@+id/rl_icon_updates_uf" android:background="@drawable/shape_bg_uf_icon" android:layout_width="50dp" android:layout_height="50dp">
                        <ImageView android:layout_width="24dp" android:layout_height="24dp" android:layout_centerInParent="true" android:contentDescription="@null" app:srcCompat="@drawable/vector_updates"/>
                    </RelativeLayout>
                    <TextView android:textSize="@dimen/text_size_m" android:textColor="@color/text_primary" android:id="@+id/tv_updates_uf" android:layout_width="wrap_content" android:layout_height="wrap_content" android:layout_marginLeft="@dimen/margin_m" android:layout_marginRight="@dimen/margin_m" android:text="@string/updates" android:layout_centerVertical="true" android:layout_toStartOf="@+id/tv_notifier_updates_uf" android:layout_toEndOf="@+id/rl_icon_updates_uf"/>
                    <TextView android:textSize="@dimen/text_size_m" android:textColor="@color/white" android:id="@+id/tv_notifier_updates_uf" android:background="@drawable/ripple_turbo_button" android:paddingLeft="@dimen/margin_s" android:paddingRight="@dimen/margin_s" android:visibility="gone" android:layout_width="wrap_content" android:layout_height="wrap_content" android:layout_centerVertical="true" android:layout_alignParentEnd="true"/>
                </RelativeLayout>
                <RelativeLayout android:orientation="horizontal" android:id="@+id/rl_downloads_uf" android:background="@drawable/selector_uf_main_option" android:paddingLeft="@dimen/margin_l" android:paddingTop="@dimen/margin_m" android:paddingRight="@dimen/margin_l" android:paddingBottom="@dimen/margin_m" android:layout_width="match_parent" android:layout_height="wrap_content">
                    <RelativeLayout android:id="@+id/rl_icon_downloads_uf" android:background="@drawable/shape_bg_uf_icon" android:layout_width="50dp" android:layout_height="50dp">
                        <ImageView android:layout_width="24dp" android:layout_height="24dp" android:layout_centerInParent="true" android:contentDescription="@null" app:srcCompat="@drawable/vector_downloads"/>
                    </RelativeLayout>
                    <TextView android:textSize="@dimen/text_size_m" android:textColor="@color/text_primary" android:id="@+id/tv_downloads_uf" android:layout_width="wrap_content" android:layout_height="wrap_content" android:layout_marginLeft="@dimen/margin_m" android:layout_marginRight="@dimen/margin_m" android:text="@string/downloads_title" android:layout_centerVertical="true" android:layout_toStartOf="@+id/tv_notifier_downloads_uf" android:layout_toEndOf="@+id/rl_icon_downloads_uf"/>
                    <TextView android:textSize="@dimen/text_size_m" android:textColor="@color/white" android:id="@+id/tv_notifier_downloads_uf" android:background="@drawable/ripple_turbo_button" android:paddingLeft="@dimen/margin_s" android:paddingRight="@dimen/margin_s" android:visibility="gone" android:layout_width="wrap_content" android:layout_height="wrap_content" android:layout_centerVertical="true" android:layout_alignParentEnd="true"/>
                </RelativeLayout>
                <LinearLayout android:orientation="horizontal" android:id="@+id/ll_reviews_uf" android:background="@drawable/selector_uf_main_option" android:paddingLeft="@dimen/margin_l" android:paddingTop="@dimen/margin_m" android:paddingRight="@dimen/margin_l" android:paddingBottom="@dimen/margin_m" android:layout_width="match_parent" android:layout_height="wrap_content">
                    <RelativeLayout android:background="@drawable/shape_bg_uf_icon" android:layout_width="50dp" android:layout_height="50dp">
                        <ImageView android:layout_width="24dp" android:layout_height="24dp" android:layout_centerInParent="true" android:contentDescription="@null" app:srcCompat="@drawable/vector_reviews"/>
                    </RelativeLayout>
                    <TextView android:textSize="@dimen/text_size_m" android:textColor="@color/text_primary" android:layout_gravity="center_vertical" android:id="@+id/tv_reviews_uf" android:layout_width="wrap_content" android:layout_height="wrap_content" android:layout_marginLeft="@dimen/margin_m" android:layout_marginRight="@dimen/margin_m" android:text="@string/public_profile_my_reviews"/>
                </LinearLayout>
                <LinearLayout android:orientation="horizontal" android:id="@+id/ll_wishlist_uf" android:background="@drawable/selector_uf_main_option" android:paddingLeft="@dimen/margin_l" android:paddingTop="@dimen/margin_m" android:paddingRight="@dimen/margin_l" android:paddingBottom="@dimen/margin_m" android:layout_width="match_parent" android:layout_height="wrap_content">
                    <RelativeLayout android:background="@drawable/shape_bg_uf_icon" android:layout_width="50dp" android:layout_height="50dp">
                        <ImageView android:layout_width="24dp" android:layout_height="24dp" android:layout_centerInParent="true" android:contentDescription="@null" app:srcCompat="@drawable/vector_wishlist"/>
                    </RelativeLayout>
                    <TextView android:textSize="@dimen/text_size_m" android:textColor="@color/text_primary" android:layout_gravity="center_vertical" android:id="@+id/tv_wishlist_uf" android:layout_width="wrap_content" android:layout_height="wrap_content" android:layout_marginLeft="@dimen/margin_m" android:layout_marginRight="@dimen/margin_m" android:text="@string/my_wishlist"/>
                </LinearLayout>
                <LinearLayout android:orientation="horizontal" android:id="@+id/ll_recommended_uf" android:background="@drawable/selector_uf_main_option" android:paddingLeft="@dimen/margin_l" android:paddingTop="@dimen/margin_m" android:paddingRight="@dimen/margin_l" android:paddingBottom="@dimen/margin_m" android:layout_width="match_parent" android:layout_height="wrap_content">
                    <RelativeLayout android:background="@drawable/shape_bg_uf_icon" android:layout_width="50dp" android:layout_height="50dp">
                        <ImageView android:layout_width="24dp" android:layout_height="24dp" android:layout_centerInParent="true" android:contentDescription="@null" app:srcCompat="@drawable/vector_recommended"/>
                    </RelativeLayout>
                    <TextView android:textSize="@dimen/text_size_m" android:textColor="@color/text_primary" android:layout_gravity="center_vertical" android:id="@+id/tv_recommended_uf" android:layout_width="wrap_content" android:layout_height="wrap_content" android:layout_marginLeft="@dimen/margin_m" android:layout_marginRight="@dimen/margin_m" android:text="@string/my_recommended_apps"/>
                </LinearLayout>
                <LinearLayout android:orientation="horizontal" android:id="@+id/ll_upcoming_releases_uf" android:background="@drawable/selector_uf_main_option" android:paddingLeft="@dimen/margin_l" android:paddingTop="@dimen/margin_m" android:paddingRight="@dimen/margin_l" android:paddingBottom="@dimen/margin_m" android:layout_width="match_parent" android:layout_height="wrap_content">
                    <RelativeLayout android:background="@drawable/shape_bg_uf_icon" android:layout_width="50dp" android:layout_height="50dp">
                        <ImageView android:layout_width="24dp" android:layout_height="24dp" android:layout_centerInParent="true" android:contentDescription="@null" app:srcCompat="@drawable/vector_upcoming_releases"/>
                    </RelativeLayout>
                    <TextView android:textSize="@dimen/text_size_m" android:textColor="@color/text_primary" android:layout_gravity="center_vertical" android:id="@+id/tv_upcoming_releases_uf" android:layout_width="wrap_content" android:layout_height="wrap_content" android:layout_marginLeft="@dimen/margin_m" android:layout_marginRight="@dimen/margin_m" android:text="@string/my_preregistrations"/>
                </LinearLayout>
                <LinearLayout android:orientation="horizontal" android:id="@+id/ll_rollback_uf" android:background="@drawable/selector_uf_main_option" android:paddingLeft="@dimen/margin_l" android:paddingTop="@dimen/margin_m" android:paddingRight="@dimen/margin_l" android:paddingBottom="@dimen/margin_m" android:layout_width="match_parent" android:layout_height="wrap_content">
                    <RelativeLayout android:background="@drawable/shape_bg_uf_icon" android:layout_width="50dp" android:layout_height="50dp">
                        <ImageView android:layout_width="24dp" android:layout_height="24dp" android:layout_centerInParent="true" android:contentDescription="@null" app:srcCompat="@drawable/vector_rollback"/>
                    </RelativeLayout>
                    <TextView android:textSize="@dimen/text_size_m" android:textColor="@color/text_primary" android:layout_gravity="center_vertical" android:id="@+id/tv_rollback_uf" android:layout_width="wrap_content" android:layout_height="wrap_content" android:layout_marginLeft="@dimen/margin_m" android:layout_marginRight="@dimen/margin_m" android:text="@string/rollback_title"/>
                </LinearLayout>
                <LinearLayout android:orientation="horizontal" android:id="@+id/ll_turbo_uf" android:background="@drawable/selector_uf_main_option" android:paddingLeft="@dimen/margin_l" android:paddingTop="@dimen/margin_m" android:paddingRight="@dimen/margin_l" android:paddingBottom="@dimen/margin_m" android:layout_width="match_parent" android:layout_height="wrap_content">
                    <RelativeLayout android:background="@drawable/shape_bg_uf_icon_turbo" android:layout_width="50dp" android:layout_height="50dp">
                        <ImageView android:layout_width="24dp" android:layout_height="24dp" android:layout_centerInParent="true" android:contentDescription="@null" app:srcCompat="@drawable/vector_turbo_ray"/>
                    </RelativeLayout>
                    <TextView android:textSize="@dimen/text_size_m" android:textColor="@color/text_primary" android:layout_gravity="center_vertical" android:id="@+id/tv_turbo_uf" android:layout_width="wrap_content" android:layout_height="wrap_content" android:layout_marginLeft="@dimen/margin_m" android:layout_marginRight="@dimen/margin_m" android:text="@string/subscribe_to_uptodown_turbo"/>
                </LinearLayout>
                <LinearLayout android:orientation="horizontal" android:id="@+id/ll_turbo_promo_nordvpn_user_fragment" android:background="@drawable/selector_uf_option" android:paddingTop="@dimen/margin_s" android:paddingBottom="@dimen/margin_s" android:layout_width="match_parent" android:layout_height="wrap_content" android:layout_marginLeft="@dimen/margin_l" android:layout_marginTop="@dimen/margin_l" android:layout_marginRight="@dimen/margin_l" android:layout_marginBottom="@dimen/margin_m">
                    <ImageView android:layout_gravity="center_vertical" android:layout_width="wrap_content" android:layout_height="wrap_content" android:layout_margin="@dimen/margin_l" android:contentDescription="@null" app:srcCompat="@drawable/vector_nordvpn_logo"/>
                    <TextView android:textSize="@dimen/text_size_m" android:textColor="@color/text_primary" android:layout_gravity="center" android:id="@+id/tv_turbo_promo_nordvpn_user_fragment" android:layout_width="wrap_content" android:layout_height="wrap_content" android:text="@string/turbo_promo_nordvpn" android:layout_marginEnd="@dimen/margin_m"/>
                </LinearLayout>
                <LinearLayout android:orientation="vertical" android:id="@+id/ll_user_fragment" android:background="@drawable/shape_bg_other_option_user_fragment" android:layout_width="match_parent" android:layout_height="wrap_content" android:layout_marginLeft="@dimen/margin_l" android:layout_marginTop="@dimen/margin_l" android:layout_marginRight="@dimen/margin_l">
                    <LinearLayout android:orientation="horizontal" android:id="@+id/ll_notifications_user_fragment" android:background="@drawable/selector_uf_other_option" android:paddingTop="@dimen/margin_s" android:paddingBottom="@dimen/margin_s" android:layout_width="match_parent" android:layout_height="wrap_content">
                        <ImageView android:layout_width="20dp" android:layout_height="20dp" android:layout_marginTop="@dimen/margin_m" android:layout_marginBottom="@dimen/margin_m" android:contentDescription="@null" android:layout_marginStart="@dimen/margin_m" android:layout_marginEnd="@dimen/margin_l" app:srcCompat="@drawable/vector_user_panel_notifications"/>
                        <TextView android:textSize="@dimen/text_size_m" android:textColor="@color/text_primary" android:ellipsize="end" android:layout_gravity="center_vertical" android:id="@+id/tv_notifications_user_fragment" android:layout_width="match_parent" android:layout_height="wrap_content" android:text="@string/title_notification_log" android:maxLines="1" android:layout_marginEnd="@dimen/margin_l"/>
                    </LinearLayout>
                    <LinearLayout android:orientation="horizontal" android:id="@+id/ll_my_devices_user_fragment" android:background="@drawable/selector_uf_other_option" android:paddingTop="@dimen/margin_s" android:paddingBottom="@dimen/margin_s" android:layout_width="match_parent" android:layout_height="wrap_content">
                        <ImageView android:layout_width="@dimen/icon_size_s" android:layout_height="@dimen/icon_size_s" android:layout_marginTop="@dimen/margin_m" android:layout_marginBottom="@dimen/margin_m" android:contentDescription="@null" android:layout_marginStart="@dimen/margin_m" android:layout_marginEnd="@dimen/margin_l" app:srcCompat="@drawable/vector_devices"/>
                        <TextView android:textSize="@dimen/text_size_m" android:textColor="@color/text_primary" android:ellipsize="end" android:layout_gravity="center_vertical" android:id="@+id/tv_my_devices_user_fragment" android:layout_width="match_parent" android:layout_height="wrap_content" android:text="@string/my_devices" android:maxLines="1" android:layout_marginEnd="@dimen/margin_l"/>
                    </LinearLayout>
                    <LinearLayout android:orientation="horizontal" android:id="@+id/ll_settings_user_fragment" android:background="@drawable/selector_uf_other_option" android:paddingTop="@dimen/margin_s" android:paddingBottom="@dimen/margin_s" android:layout_width="match_parent" android:layout_height="wrap_content">
                        <ImageView android:layout_width="@dimen/icon_size_s" android:layout_height="@dimen/icon_size_s" android:layout_marginTop="@dimen/margin_m" android:layout_marginBottom="@dimen/margin_m" android:contentDescription="@null" android:layout_marginStart="@dimen/margin_m" android:layout_marginEnd="@dimen/margin_l" app:srcCompat="@drawable/vector_settings_blue"/>
                        <TextView android:textSize="@dimen/text_size_m" android:textColor="@color/text_primary" android:ellipsize="end" android:layout_gravity="center_vertical" android:id="@+id/tv_settings_user_fragment" android:layout_width="match_parent" android:layout_height="wrap_content" android:text="@string/settings" android:maxLines="1" android:layout_marginEnd="@dimen/margin_l"/>
                    </LinearLayout>
                    <LinearLayout android:orientation="horizontal" android:id="@+id/ll_support_user_fragment" android:background="@drawable/selector_uf_other_option" android:paddingTop="@dimen/margin_s" android:paddingBottom="@dimen/margin_s" android:layout_width="match_parent" android:layout_height="wrap_content">
                        <ImageView android:id="@+id/iv_support_user_fragment" android:layout_width="@dimen/icon_size_s" android:layout_height="@dimen/icon_size_s" android:layout_marginTop="@dimen/margin_m" android:layout_marginBottom="@dimen/margin_m" android:contentDescription="@null" android:layout_marginStart="@dimen/margin_m" android:layout_marginEnd="@dimen/margin_l" app:srcCompat="@drawable/vector_support"/>
                        <TextView android:textSize="@dimen/text_size_m" android:textColor="@color/text_primary" android:ellipsize="end" android:layout_gravity="center_vertical" android:id="@+id/tv_support_user_fragment" android:layout_width="match_parent" android:layout_height="wrap_content" android:text="@string/support" android:maxLines="1" android:layout_marginEnd="@dimen/margin_l"/>
                    </LinearLayout>
                </LinearLayout>
                <LinearLayout android:gravity="center" android:layout_gravity="center_horizontal" android:orientation="horizontal" android:layout_width="match_parent" android:layout_height="wrap_content" android:layout_marginTop="@dimen/margin_l" android:layout_marginBottom="@dimen/margin_l">
                    <TextView android:textSize="@dimen/margin_m" android:textColor="@color/text_secundary" android:id="@+id/tv_web_user_fragment" android:layout_width="wrap_content" android:layout_height="wrap_content" android:text="@string/menu_left_web_label"/>
                    <TextView android:textSize="@dimen/margin_m" android:textColor="@color/text_secundary" android:layout_gravity="center_horizontal" android:id="@+id/tv_log_out_user_fragment" android:visibility="gone" android:layout_width="wrap_content" android:layout_height="wrap_content" android:text="@string/cerrar_sesion" android:layout_marginStart="@dimen/margin_xl"/>
                </LinearLayout>
            </LinearLayout>
        </LinearLayout>
    </ScrollView>
</RelativeLayout>
