<?xml version="1.0" encoding="utf-8"?>
<LinearLayout xmlns:android="http://schemas.android.com/apk/res/android" xmlns:app="http://schemas.android.com/apk/res-auto" xmlns:aapt="http://schemas.android.com/aapt" android:orientation="vertical" android:layout_width="match_parent" android:layout_height="wrap_content">
    <ImageView android:id="@+id/mediaRowSeparator" style="?attr/playbackMediaItemSeparatorStyle"/>
    <FrameLayout android:id="@+id/background" style="?attr/playbackMediaItemRowStyle">
        <androidx.leanback.widget.MediaRowFocusView android:id="@+id/mediaRowSelector" android:layout_width="0dp" android:layout_height="match_parent" android:alpha="0"/>
        <LinearLayout android:id="@+id/mediaItemRow" android:layout_width="match_parent" android:layout_height="match_parent">
            <LinearLayout android:id="@+id/mediaItemDetails" style="?attr/playbackMediaItemDetailsStyle">
                <ViewFlipper android:id="@+id/mediaItemNumberViewFlipper" style="?attr/playbackMediaItemNumberViewFlipperStyle"/>
                <TextView android:id="@+id/mediaItemName" style="?attr/playbackMediaItemNameStyle"/>
                <TextView android:id="@+id/mediaItemDuration" style="?attr/playbackMediaItemDurationStyle"/>
            </LinearLayout>
            <LinearLayout android:orientation="horizontal" android:id="@+id/mediaItemActionsContainer" android:layout_width="wrap_content" android:layout_height="match_parent" android:paddingStart="16dp"/>
        </LinearLayout>
    </FrameLayout>
</LinearLayout>
