<?xml version="1.0" encoding="utf-8"?>
<selector xmlns:android="http://schemas.android.com/apk/res/android" xmlns:app="http://schemas.android.com/apk/res-auto" xmlns:aapt="http://schemas.android.com/aapt">
    <item android:state_enabled="true">
        <shape android:padding="@dimen/btn_selected_padding" android:shape="rectangle">
            <solid android:color="@color/colorBlueAccent"/>
            <corners android:radius="@dimen/btn_selected_radius"/>
        </shape>
    </item>
    <item android:state_enabled="false">
        <shape android:padding="@dimen/btn_selected_padding" android:shape="rectangle">
            <solid android:color="@color/colorGrey"/>
            <corners android:radius="@dimen/btn_selected_radius"/>
        </shape>
    </item>
    <item>
        <shape android:padding="@dimen/btn_selected_padding" android:shape="rectangle">
            <solid android:color="@color/colorBlueAccent"/>
            <corners android:radius="@dimen/btn_selected_radius"/>
        </shape>
    </item>
</selector>
