<?xml version="1.0" encoding="utf-8"?>
<ripple xmlns:android="http://schemas.android.com/apk/res/android" xmlns:app="http://schemas.android.com/apk/res-auto" xmlns:aapt="http://schemas.android.com/aapt" android:color="@color/user_fragment_other_option_pressed">
    <item android:id="@android:id/background">
        <shape android:shape="rectangle">
            <solid android:color="@color/transparent"/>
            <corners android:radius="20dp"/>
        </shape>
    </item>
    <item android:id="@android:id/mask">
        <shape android:shape="rectangle">
            <solid android:color="@color/black"/>
            <corners android:radius="20dp"/>
        </shape>
    </item>
</ripple>
