<?xml version="1.0" encoding="utf-8"?>
<RelativeLayout xmlns:android="http://schemas.android.com/apk/res/android" xmlns:app="http://schemas.android.com/apk/res-auto" xmlns:aapt="http://schemas.android.com/aapt" android:background="@color/mbridge_reward_endcard_hor_bg" android:layout_width="match_parent" android:layout_height="match_parent">
    <RelativeLayout android:id="@+id/mbridge_native_ec_layout" android:layout_width="match_parent" android:layout_height="match_parent">
        <RelativeLayout android:id="@+id/mbridge_ec_layout_top" android:layout_width="match_parent" android:layout_height="180dp" android:layout_alignParentTop="true">
            <ImageView android:id="@+id/mbridge_iv_adbanner_bg" android:layout_width="match_parent" android:layout_height="match_parent" android:scaleType="fitXY"/>
            <com.mbridge.msdk.videocommon.view.RoundImageView android:id="@+id/mbridge_iv_adbanner" android:layout_width="wrap_content" android:layout_height="wrap_content" android:layout_margin="20dp" android:layout_centerInParent="true"/>
            <ImageView android:id="@+id/mbridge_iv_flag" android:layout_width="wrap_content" android:layout_height="wrap_content" android:src="@drawable/mbridge_reward_flag_en" android:layout_alignParentRight="true" android:layout_alignParentBottom="true" android:layout_alignParentEnd="true"/>
        </RelativeLayout>
        <LinearLayout android:orientation="vertical" android:id="@+id/mbridge_ec_layout_center" android:layout_width="wrap_content" android:layout_height="wrap_content" android:layout_marginTop="24dp" android:layout_below="@+id/mbridge_ec_layout_top" android:layout_centerHorizontal="true">
            <ImageView android:layout_gravity="center" android:id="@+id/mbridge_iv_icon" android:layout_width="54dp" android:layout_height="54dp"/>
            <TextView android:textSize="16sp" android:textColor="@color/mbridge_reward_title_textcolor" android:ellipsize="end" android:layout_gravity="center" android:id="@+id/mbridge_tv_apptitle" android:layout_width="wrap_content" android:layout_height="wrap_content" android:layout_marginTop="13dp" android:maxEms="7" android:singleLine="true"/>
            <TextView android:textSize="12sp" android:textColor="@color/mbridge_reward_desc_textcolor" android:ellipsize="end" android:layout_gravity="center" android:id="@+id/mbridge_tv_appdesc" android:layout_width="wrap_content" android:layout_height="wrap_content" android:layout_marginLeft="30dp" android:layout_marginTop="4dp" android:layout_marginRight="30dp" android:singleLine="true"/>
            <com.mbridge.msdk.videocommon.view.StarLevelView android:layout_gravity="center" android:orientation="horizontal" android:id="@+id/mbridge_sv_starlevel" android:layout_width="wrap_content" android:layout_height="20dp" android:layout_marginTop="6dp"/>
            <TextView android:textSize="12sp" android:textColor="@color/mbridge_reward_desc_textcolor" android:ellipsize="end" android:layout_gravity="center_horizontal" android:id="@+id/mbridge_tv_number" android:visibility="gone" android:layout_width="wrap_content" android:layout_height="match_parent" android:singleLine="true"/>
        </LinearLayout>
        <LinearLayout android:orientation="vertical" android:layout_width="match_parent" android:layout_height="wrap_content" android:layout_alignParentBottom="true" android:layout_centerHorizontal="true">
            <TextView android:textSize="14sp" android:textColor="@android:color/white" android:gravity="center" android:id="@+id/mbridge_tv_cta" android:background="@drawable/mbridge_reward_shape_end_pager" android:layout_width="match_parent" android:layout_height="36dp" android:layout_marginLeft="24dp" android:layout_marginRight="24dp" android:layout_marginBottom="10dp" android:text="Install Now"/>
            <ImageView android:layout_gravity="center" android:id="@+id/mbridge_iv_logo" android:layout_width="47dp" android:layout_height="11dp" android:layout_marginBottom="24dp" android:src="@drawable/mbridge_reward_end_pager_logo" android:scaleType="fitXY"/>
        </LinearLayout>
        <RelativeLayout android:gravity="center" android:layout_gravity="center" android:id="@+id/mbridge_native_ec_controller" android:layout_width="wrap_content" android:layout_height="wrap_content" android:layout_margin="9dp">
            <ImageView android:id="@+id/mbridge_iv_link" android:layout_width="35dp" android:layout_height="35dp" android:src="@drawable/mbridge_reward_notice" android:layout_alignParentLeft="true" android:contentDescription="noteLinkButton" android:layout_alignParentStart="true"/>
            <com.mbridge.msdk.widget.FeedBackButton android:textSize="12sp" android:gravity="center" android:id="@+id/mbridge_native_endcard_feed_btn" android:visibility="gone" android:layout_width="wrap_content" android:layout_height="28dp" android:layout_marginLeft="8dp" android:text="@string/mbridge_cm_feedback_btn_text" android:layout_toRightOf="@+id/mbridge_iv_link" android:layout_centerVertical="true" android:layout_marginStart="8dp"/>
            <ImageView android:id="@+id/mbridge_iv_close" android:layout_width="35dp" android:layout_height="35dp" android:src="@drawable/mbridge_reward_close_ec" android:layout_alignParentRight="true" android:contentDescription="closeButton" android:layout_alignParentEnd="true"/>
        </RelativeLayout>
    </RelativeLayout>
</RelativeLayout>
