<?xml version="1.0" encoding="utf-8"?>
<androidx.coordinatorlayout.widget.CoordinatorLayout xmlns:android="http://schemas.android.com/apk/res/android" xmlns:app="http://schemas.android.com/apk/res-auto" xmlns:aapt="http://schemas.android.com/aapt" android:orientation="vertical" android:paddingLeft="@dimen/margin_l" android:paddingRight="@dimen/margin_l" android:layout_width="match_parent" android:layout_height="wrap_content">
    <LinearLayout android:orientation="vertical" android:background="@drawable/bg_dialog" android:layout_width="match_parent" android:layout_height="wrap_content">
        <TextView android:textSize="@dimen/text_size_l" android:textColor="@color/white" android:gravity="center" android:id="@+id/tv_title_dark_mode_options" android:background="@drawable/bg_dialog_title" android:padding="@dimen/margin_m" android:layout_width="match_parent" android:layout_height="wrap_content" android:text="@string/menu_left_dark_mode"/>
        <RadioGroup android:paddingLeft="@dimen/margin_m" android:paddingRight="@dimen/margin_m" android:layout_width="match_parent" android:layout_height="wrap_content" android:layout_marginTop="@dimen/margin_m" android:dividerPadding="@dimen/margin_m">
            <RadioButton android:textSize="@dimen/text_size_m" android:ellipsize="end" android:id="@+id/rb_enabled" android:paddingTop="@dimen/margin_m" android:paddingBottom="@dimen/margin_m" android:focusable="true" android:layout_width="match_parent" android:layout_height="wrap_content" android:text="@string/dark_mode_enabled" android:maxLines="1" style="@style/RadioButtonLayout"/>
            <RadioButton android:textSize="@dimen/text_size_m" android:ellipsize="end" android:id="@+id/rb_disabled" android:paddingTop="@dimen/margin_m" android:paddingBottom="@dimen/margin_m" android:focusable="true" android:layout_width="match_parent" android:layout_height="wrap_content" android:text="@string/dark_mode_disabled" android:maxLines="1" style="@style/RadioButtonLayout"/>
            <RadioButton android:textSize="@dimen/text_size_m" android:ellipsize="end" android:id="@+id/rb_follow_system" android:paddingTop="@dimen/margin_m" android:paddingBottom="@dimen/margin_m" android:focusable="true" android:layout_width="match_parent" android:layout_height="wrap_content" android:text="@string/dark_mode_follow_system" android:maxLines="1" style="@style/RadioButtonLayout"/>
        </RadioGroup>
        <TextView android:layout_gravity="center" android:id="@+id/tv_cancel" android:layout_marginTop="@dimen/margin_l" android:layout_marginBottom="@dimen/margin_l" android:text="@android:string/cancel" style="@style/DialogButtonsStyle"/>
    </LinearLayout>
</androidx.coordinatorlayout.widget.CoordinatorLayout>
