<?xml version="1.0" encoding="utf-8"?>
<transitionSet xmlns:android="http://schemas.android.com/apk/res/android" xmlns:app="http://schemas.android.com/apk/res-auto" xmlns:aapt="http://schemas.android.com/aapt">
    <slide android:interpolator="@android:interpolator/fast_out_linear_in" android:duration="350" android:slideEdge="bottom">
        <targets>
            <target android:excludeId="@+id/title_orb"/>
            <target android:excludeId="@+id/title_text"/>
            <target android:excludeId="@+id/title_badge"/>
        </targets>
    </slide>
    <fade android:interpolator="@android:interpolator/fast_out_linear_in" android:duration="350"/>
</transitionSet>
