<?xml version="1.0" encoding="utf-8"?>
<selector xmlns:android="http://schemas.android.com/apk/res/android" xmlns:app="http://schemas.android.com/apk/res-auto" xmlns:aapt="http://schemas.android.com/aapt">
    <item android:state_checked="false">
        <shape android:dither="true" android:visible="true" android:shape="oval" android:useLevel="false">
            <solid android:color="@color/white"/>
            <size android:height="24dp" android:width="24dp"/>
            <stroke android:width="8dp" android:color="@color/transparent"/>
        </shape>
    </item>
    <item android:state_checked="true">
        <shape android:dither="true" android:visible="true" android:shape="oval" android:useLevel="false">
            <solid android:color="@color/white"/>
            <size android:height="24dp" android:width="24dp"/>
            <stroke android:width="6dp" android:color="@color/transparent"/>
        </shape>
    </item>
</selector>
