<?xml version="1.0" encoding="utf-8"?>
<androidx.constraintlayout.widget.ConstraintLayout xmlns:android="http://schemas.android.com/apk/res/android" xmlns:app="http://schemas.android.com/apk/res-auto" xmlns:aapt="http://schemas.android.com/aapt" android:background="?attr/colorPrimary" android:layout_width="match_parent" android:layout_height="wrap_content" android:elevation="@dimen/spacing_tiny">
    <androidx.appcompat.widget.Toolbar android:theme="@style/ToolbarTheme" android:id="@+id/toolbar" android:layout_width="match_parent" android:layout_height="wrap_content" app:layout_constraintTop_toTopOf="0" app:popupTheme="@style/ToolbarTheme">
        <androidx.constraintlayout.widget.ConstraintLayout android:layout_width="match_parent" android:layout_height="match_parent">
            <ImageView android:id="@+id/toolbar_icon" android:layout_width="wrap_content" android:layout_height="wrap_content" android:layout_marginTop="@dimen/spacing_medium" android:layout_marginBottom="@dimen/spacing_medium" android:src="@drawable/ic_arrow_back" android:contentDescription="@string/btn_back_content_desc" android:layout_marginVertical="@dimen/spacing_medium" app:layout_constraintBottom_toBottomOf="0" app:layout_constraintEnd_toStartOf="@+id/toolbar_title" app:layout_constraintStart_toStartOf="0" app:layout_constraintTop_toTopOf="0"/>
            <TextView android:textSize="@dimen/partners_toolbar_title_text_size" android:id="@+id/toolbar_title" android:layout_width="0dp" android:layout_height="wrap_content" android:layout_marginStart="@dimen/toolbar_title_margin_start" android:layout_marginEnd="@dimen/spacing_small" app:layout_constraintBottom_toBottomOf="0" app:layout_constraintEnd_toStartOf="@+id/toolbar_menu" app:layout_constraintStart_toEndOf="@+id/toolbar_icon" app:layout_constraintTop_toTopOf="0"/>
            <ImageView android:id="@+id/toolbar_menu" android:visibility="gone" android:layout_width="wrap_content" android:layout_height="wrap_content" android:src="@drawable/ic_overflow" app:layout_constraintBottom_toBottomOf="0" app:layout_constraintEnd_toEndOf="0" app:layout_constraintTop_toTopOf="0"/>
        </androidx.constraintlayout.widget.ConstraintLayout>
    </androidx.appcompat.widget.Toolbar>
    <androidx.appcompat.widget.SearchView android:id="@+id/toolbar_search" android:background="@drawable/bg_radius_small_solid" android:visibility="gone" android:layout_width="0dp" android:layout_height="wrap_content" android:layout_margin="@dimen/spacing_small" android:imeOptions="flagNoExtractUi" android:iconifiedByDefault="false" app:iconifiedByDefault="false" app:layout_constraintBottom_toBottomOf="0" app:layout_constraintEnd_toEndOf="0" app:layout_constraintStart_toStartOf="0" app:layout_constraintTop_toBottomOf="@+id/toolbar" app:queryBackground="@null"/>
</androidx.constraintlayout.widget.ConstraintLayout>
