<?xml version="1.0" encoding="utf-8"?>
<RelativeLayout xmlns:android="http://schemas.android.com/apk/res/android" xmlns:app="http://schemas.android.com/apk/res-auto" xmlns:aapt="http://schemas.android.com/aapt" android:background="@color/background_color" android:layout_width="match_parent" android:layout_height="match_parent">
    <LinearLayout android:orientation="vertical" android:background="@color/background_color" android:layout_width="match_parent" android:layout_height="match_parent">
        <androidx.appcompat.widget.Toolbar android:id="@+id/toolbar_notifications_registry" android:layout_width="match_parent" android:layout_height="?android:attr/actionBarSize">
            <TextView android:id="@+id/tv_title_notifications_registry" android:layout_width="match_parent" android:layout_height="wrap_content" android:text="@string/title_notification_log" style="@style/UptodownToolbarStyle"/>
        </androidx.appcompat.widget.Toolbar>
        <androidx.recyclerview.widget.RecyclerView android:id="@+id/rv_notifications_registry" android:layout_width="match_parent" android:layout_height="match_parent" android:layout_marginStart="12dp" android:layout_marginEnd="12dp"/>
    </LinearLayout>
    <TextView android:textSize="@dimen/text_size_xl" android:textColor="@color/text_secundary" android:gravity="center" android:id="@+id/tv_no_data_notifications_registry" android:visibility="gone" android:layout_width="match_parent" android:layout_height="wrap_content" android:layout_margin="10dp" android:text="@string/no_data_available" android:layout_centerInParent="true"/>
    <include android:id="@+id/loading_view_notification_registry" layout="@layout/core_loading_view"/>
</RelativeLayout>
