<?xml version="1.0" encoding="utf-8"?>
<vector xmlns:android="http://schemas.android.com/apk/res/android" xmlns:app="http://schemas.android.com/apk/res-auto" xmlns:aapt="http://schemas.android.com/aapt" android:height="30dp" android:width="30dp" android:viewportWidth="30" android:viewportHeight="30">
    <group>
        <clip-path android:pathData="M0,0L30,0v30L0,30Z"/>
        <path android:fillColor="#00000000" android:pathData="M19.687,0.879h-13.477a1.758,1.758 0,0 0,-1.758 1.758L4.452,27.363a1.758,1.758 0,0 0,1.758 1.758h17.578a1.758,1.758 0,0 0,1.758 -1.758L25.546,6.739Z" android:strokeColor="#00aad5" android:strokeWidth="2" android:strokeLineCap="round" android:strokeLineJoin="round"/>
        <path android:fillColor="#00000000" android:pathData="M19.688,0.879L19.688,6.738L25.547,6.738Z" android:strokeColor="#00aad5" android:strokeWidth="2" android:strokeLineCap="round" android:strokeLineJoin="round"/>
        <path android:fillColor="#00000000" android:pathData="M15,24.902h0A1.758,1.758 0,0 1,13.242 23.144v-2.93h3.516v2.93A1.758,1.758 0,0 1,15 24.902Z" android:strokeColor="#00aad5" android:strokeWidth="2" android:strokeLineCap="round" android:strokeLineJoin="round"/>
        <path android:fillColor="#00000000" android:pathData="M15,0.879L15,20.215" android:strokeColor="#00aad5" android:strokeWidth="2" android:strokeLineCap="round" android:strokeLineJoin="round"/>
        <path android:fillColor="#00000000" android:pathData="M15,13.184L16.758,13.184" android:strokeColor="#00aad5" android:strokeWidth="2" android:strokeLineCap="round" android:strokeLineJoin="round"/>
        <path android:fillColor="#00000000" android:pathData="M13.242,11.426L15,11.426" android:strokeColor="#00aad5" android:strokeWidth="2" android:strokeLineCap="round" android:strokeLineJoin="round"/>
        <path android:fillColor="#00000000" android:pathData="M15,16.699L16.758,16.699" android:strokeColor="#00aad5" android:strokeWidth="2" android:strokeLineCap="round" android:strokeLineJoin="round"/>
        <path android:fillColor="#00000000" android:pathData="M13.242,14.941L15,14.941" android:strokeColor="#00aad5" android:strokeWidth="2" android:strokeLineCap="round" android:strokeLineJoin="round"/>
        <path android:fillColor="#00000000" android:pathData="M15,9.668L16.758,9.668" android:strokeColor="#00aad5" android:strokeWidth="2" android:strokeLineCap="round" android:strokeLineJoin="round"/>
        <path android:fillColor="#00000000" android:pathData="M13.242,7.91L15,7.91" android:strokeColor="#00aad5" android:strokeWidth="2" android:strokeLineCap="round" android:strokeLineJoin="round"/>
        <path android:fillColor="#00000000" android:pathData="M15,6.152L16.758,6.152" android:strokeColor="#00aad5" android:strokeWidth="2" android:strokeLineCap="round" android:strokeLineJoin="round"/>
        <path android:fillColor="#00000000" android:pathData="M13.242,4.395L15,4.395" android:strokeColor="#00aad5" android:strokeWidth="2" android:strokeLineCap="round" android:strokeLineJoin="round"/>
    </group>
</vector>
