<?xml version="1.0" encoding="utf-8"?>
<RelativeLayout xmlns:android="http://schemas.android.com/apk/res/android" xmlns:app="http://schemas.android.com/apk/res-auto" xmlns:aapt="http://schemas.android.com/aapt" android:paddingTop="@dimen/margin_m" android:paddingBottom="@dimen/margin_m" android:layout_width="match_parent" android:layout_height="wrap_content" android:paddingVertical="@dimen/margin_m">
    <ImageView android:id="@+id/iv_uninstall_bad" android:background="@drawable/ripple_open_button" android:padding="12dp" android:visibility="gone" android:layout_width="40dp" android:layout_height="40dp" android:contentDescription="@null" android:layout_marginStart="@dimen/margin_m" android:layout_toStartOf="@+id/iv_virustotal_bad" app:srcCompat="@drawable/vector_uninstall"/>
    <ImageView android:id="@+id/iv_virustotal_bad" android:background="@drawable/ripple_open_button" android:layout_width="40dp" android:layout_height="40dp" android:contentDescription="@null" android:layout_marginStart="@dimen/margin_m" android:layout_toStartOf="@+id/iv_wishlist_bad" app:srcCompat="@drawable/vector_virus_total_report_app_detail"/>
    <ImageView android:id="@+id/iv_wishlist_bad" android:background="@drawable/ripple_open_button" android:padding="12dp" android:layout_width="40dp" android:layout_height="40dp" android:layout_marginLeft="@dimen/margin_m" android:layout_marginRight="@dimen/margin_m" android:contentDescription="@null" android:layout_alignParentEnd="true" android:layout_marginHorizontal="@dimen/margin_m" app:srcCompat="@drawable/vector_list"/>
    <LinearLayout android:gravity="center_vertical" android:orientation="horizontal" android:layout_width="match_parent" android:layout_height="wrap_content" android:layout_toStartOf="@+id/iv_uninstall_bad">
        <RelativeLayout android:gravity="center_vertical" android:id="@+id/rl_status_loading_bad" android:background="@drawable/shape_stroke_blue_primary" android:visibility="gone" android:layout_width="0dp" android:layout_height="40dp" android:layout_weight="1" android:layout_marginStart="@dimen/margin_m">
            <android.widget.ProgressBar android:layout_width="20dp" android:layout_height="20dp" android:layout_centerInParent="true" android:indeterminateTint="@color/main_blue" style="@style/CoreProgressBarLoadingContent"/>
        </RelativeLayout>
        <RelativeLayout android:id="@+id/rl_download_cancel" android:layout_width="0dp" android:layout_height="40dp" android:layout_weight="1" android:layout_marginStart="@dimen/margin_m">
            <TextView android:textSize="@dimen/text_size_l" android:textColor="@color/white" android:gravity="center" android:id="@+id/tv_download_cancel_bad" android:background="@drawable/ripple_blue_primary_button" android:padding="@dimen/margin_m" android:layout_width="match_parent" android:layout_height="match_parent" android:text="@string/updates_button_download_app" android:maxLines="1" android:textAllCaps="true" android:autoSizeTextType="1" android:autoSizeStepGranularity="2sp" android:autoSizeMinTextSize="@dimen/text_size_xs" android:autoSizeMaxTextSize="@dimen/text_size_l"/>
            <ImageView android:id="@+id/iv_download_remote" android:background="@drawable/shape_download_button_arrow" android:padding="@dimen/margin_m" android:focusable="true" android:visibility="gone" android:clickable="true" android:layout_width="wrap_content" android:layout_height="match_parent" android:layout_centerVertical="true" android:contentDescription="@null" android:layout_alignParentEnd="true" android:elevation="6dp" android:outlineSpotShadowColor="@color/transparent" android:outlineAmbientShadowColor="@color/transparent" app:srcCompat="@drawable/vector_arrow_down_expand_white"/>
        </RelativeLayout>
        <TextView android:textSize="@dimen/text_size_l" android:textColor="@color/blue_primary" android:gravity="center" android:id="@+id/tv_pause_bad" android:background="@drawable/ripple_open_button" android:padding="@dimen/margin_m" android:visibility="visible" android:layout_width="0dp" android:layout_height="40dp" android:text="@string/action_pause" android:maxLines="1" android:layout_weight="1" android:textAllCaps="true" android:layout_marginStart="@dimen/margin_m" android:autoSizeTextType="1" android:autoSizeStepGranularity="2sp" android:autoSizeMinTextSize="@dimen/text_size_xs" android:autoSizeMaxTextSize="@dimen/text_size_l"/>
        <TextView android:textSize="@dimen/text_size_l" android:textColor="@color/white" android:gravity="center" android:id="@+id/tv_open_bad" android:background="@drawable/ripple_blue_primary_button" android:padding="@dimen/margin_m" android:visibility="gone" android:layout_width="0dp" android:layout_height="40dp" android:text="@string/open" android:maxLines="1" android:layout_weight="1" android:textAllCaps="true" android:layout_marginStart="@dimen/margin_m" android:autoSizeTextType="1" android:autoSizeStepGranularity="2sp" android:autoSizeMinTextSize="@dimen/text_size_xs" android:autoSizeMaxTextSize="@dimen/text_size_l"/>
    </LinearLayout>
</RelativeLayout>
