<?xml version="1.0" encoding="utf-8"?>
<RelativeLayout xmlns:android="http://schemas.android.com/apk/res/android" xmlns:app="http://schemas.android.com/apk/res-auto" xmlns:aapt="http://schemas.android.com/aapt" android:background="@color/mbridge_white" android:layout_width="match_parent" android:layout_height="match_parent">
    <FrameLayout android:id="@+id/mbridge_vfpv_fl" android:background="@color/mbridge_black" android:layout_width="match_parent" android:layout_height="wrap_content" android:layout_centerHorizontal="true">
        <com.mbridge.msdk.playercommon.PlayerView android:layout_gravity="center" android:id="@+id/mbridge_vfpv" android:layout_width="match_parent" android:layout_height="220dp"/>
        <com.mbridge.msdk.dycreator.baseview.cusview.MBridgeBaitClickView android:id="@+id/mbridge_animation_click_view" android:visibility="gone" android:layout_width="match_parent" android:layout_height="220dp"/>
    </FrameLayout>
    <RelativeLayout android:id="@+id/mbridge_top_control" android:layout_width="match_parent" android:layout_height="wrap_content" android:layout_marginTop="15dp" android:layout_alignParentTop="true">
        <ImageView android:gravity="center" android:id="@+id/mbridge_iv_link" android:visibility="gone" android:layout_width="25dp" android:layout_height="25dp" android:layout_marginLeft="10dp" android:src="@drawable/mbridge_reward_notice" android:layout_alignParentLeft="true" android:layout_marginStart="10dp" android:layout_alignParentStart="true"/>
        <com.mbridge.msdk.widget.FeedBackButton android:textSize="11sp" android:gravity="center" android:id="@+id/mbridge_native_endcard_feed_btn" android:visibility="gone" android:layout_width="wrap_content" android:layout_height="25dp" android:layout_marginLeft="10dp" android:text="@string/mbridge_cm_feedback_btn_text" android:layout_alignTop="@+id/mbridge_iv_link" android:layout_alignParentLeft="true" android:layout_marginStart="10dp" android:layout_toEndOf="@+id/mbridge_iv_link" android:layout_alignParentStart="true"/>
        <TextView android:gravity="center" android:id="@+id/mbridge_tv_count" android:layout_width="25dp" android:layout_height="25dp" android:layout_marginLeft="10dp" android:layout_marginStart="10dp" android:layout_toEndOf="@+id/mbridge_native_endcard_feed_btn"/>
        <ImageView android:layout_gravity="end" android:id="@+id/mbridge_rl_playing_close" android:layout_width="25dp" android:layout_height="25dp" android:layout_marginRight="10dp" android:src="@drawable/mbridge_reward_close" android:contentDescription="closeButton" android:layout_marginEnd="10dp" android:layout_alignParentEnd="true"/>
    </RelativeLayout>
    <LinearLayout android:orientation="horizontal" android:id="@+id/mbridge_reward_bottom_widget" android:layout_width="match_parent" android:layout_height="wrap_content" android:layout_margin="10dp" android:layout_alignBottom="@+id/mbridge_vfpv_fl">
        <com.mbridge.msdk.dycreator.baseview.cusview.SoundImageView android:id="@+id/mbridge_sound_switch" android:background="@drawable/mbridge_reward_end_close_shape_oval" android:padding="6dp" android:visibility="visible" android:layout_width="30dp" android:layout_height="30dp" android:src="@drawable/mbridge_reward_sound_open" android:layout_alignBottom="@+id/mbridge_vfpv_fl"/>
        <com.mbridge.msdk.dycreator.baseview.cusview.MBridgeSegmentsProgressBar android:layout_gravity="bottom" android:id="@+id/mbridge_reward_segment_progressbar" android:visibility="invisible" android:layout_width="match_parent" android:layout_height="wrap_content" android:layout_marginLeft="5dp" android:layout_marginStart="5dp"/>
    </LinearLayout>
    <com.mbridge.msdk.videocommon.view.RoundImageView android:id="@+id/mbridge_reward_icon_riv" android:layout_width="65dp" android:layout_height="65dp" android:layout_above="@+id/mbridge_reward_title_tv" android:layout_centerHorizontal="true"/>
    <TextView android:textSize="20dp" android:textStyle="bold" android:textColor="@color/mbridge_black" android:gravity="center" android:id="@+id/mbridge_reward_title_tv" android:layout_width="match_parent" android:layout_height="wrap_content" android:layout_marginTop="10dp" android:layout_above="@+id/mbridge_reward_stars_mllv" android:layout_centerHorizontal="true"/>
    <com.mbridge.msdk.video.dynview.widget.MBridgeLevelLayoutView android:gravity="center" android:orientation="vertical" android:id="@+id/mbridge_reward_stars_mllv" android:layout_width="match_parent" android:layout_height="wrap_content" android:layout_marginTop="15dp" android:layout_above="@+id/mbridge_reward_click_tv"/>
    <com.mbridge.msdk.dycreator.baseview.cusview.MBridgeTextView android:textSize="22sp" android:textStyle="bold" android:ellipsize="end" android:gravity="center" android:id="@+id/mbridge_reward_click_tv" android:paddingLeft="5dp" android:paddingRight="5dp" android:layout_width="260dp" android:layout_height="50dp" android:layout_marginTop="80dp" android:lines="1" android:layout_above="@+id/mbridge_reward_logo_iv" android:layout_centerHorizontal="true"/>
    <ImageView android:id="@+id/mbridge_reward_logo_iv" android:layout_width="50dp" android:layout_height="18sp" android:layout_marginBottom="100dp" android:src="@drawable/mbridge_reward_end_pager_logo" android:layout_alignParentBottom="true" android:layout_centerHorizontal="true"/>
    <com.mbridge.msdk.dycreator.baseview.rewardpopview.MBAcquireRewardPopView android:id="@+id/mbridge_reward_popview" android:visibility="gone" android:layout_width="match_parent" android:layout_height="match_parent"/>
</RelativeLayout>
