<?xml version="1.0" encoding="utf-8"?>
<androidx.constraintlayout.widget.ConstraintLayout xmlns:android="http://schemas.android.com/apk/res/android" xmlns:app="http://schemas.android.com/apk/res-auto" xmlns:aapt="http://schemas.android.com/aapt" android:id="@+id/privacy_container" android:paddingBottom="@dimen/spacing_medium" android:layout_width="match_parent" android:layout_height="wrap_content" android:paddingStart="@dimen/spacing_medium" android:paddingEnd="@dimen/spacing_medium">
    <ImageView android:id="@+id/iv_cmp_logo" android:visibility="gone" android:layout_width="@dimen/publisher_logo_size" android:layout_height="@dimen/publisher_logo_size" android:src="@drawable/ic_search" android:contentDescription="@null" app:layout_constraintEnd_toEndOf="0" app:layout_constraintStart_toStartOf="0" app:layout_constraintTop_toTopOf="0"/>
    <Button android:textSize="@dimen/button_text_size" android:textColor="@color/colorBlueAccent" android:gravity="left|center_vertical|center_horizontal|center|start" android:id="@+id/btn_more_options" android:padding="0dp" android:layout_width="0dp" android:layout_height="wrap_content" android:textAllCaps="false" android:layout_marginStart="@dimen/spacing_small" android:layout_marginEnd="@dimen/spacing_small" app:layout_constraintEnd_toEndOf="0" app:layout_constraintTop_toTopOf="@+id/iv_cmp_logo" app:layout_constraintWidth_default="1" style="@style/Widget.AppCompat.Button.Borderless"/>
    <TextView android:textSize="@dimen/privacy_title_text_size" android:textStyle="bold" android:gravity="center" android:id="@+id/tv_title" android:paddingLeft="@dimen/spacing_tiny" android:paddingTop="@dimen/spacing_small" android:paddingRight="@dimen/spacing_tiny" android:paddingBottom="@dimen/spacing_small" android:layout_width="wrap_content" android:layout_height="wrap_content" android:maxEms="18" app:layout_constraintEnd_toEndOf="0" app:layout_constraintStart_toStartOf="0" app:layout_constraintTop_toBottomOf="@+id/iv_cmp_logo"/>
    <ScrollView android:id="@+id/scroll_message" android:layout_width="match_parent" android:layout_height="@dimen/privacy_dialog_height" android:layout_marginTop="@dimen/spacing_small" android:layout_marginBottom="@dimen/spacing_small" app:layout_constraintBottom_toTopOf="@+id/btn_agree" app:layout_constraintStart_toStartOf="0" app:layout_constraintTop_toBottomOf="@+id/tv_title">
        <TextView android:id="@+id/tv_message" android:layout_width="match_parent" android:layout_height="wrap_content" app:layout_constraintBottom_toBottomOf="0" app:layout_constraintEnd_toEndOf="0" app:layout_constraintStart_toStartOf="0"/>
    </ScrollView>
    <Button android:textSize="@dimen/small_text_size" android:id="@+id/btn_disagree" android:visibility="visible" android:layout_width="0dp" android:layout_height="wrap_content" android:layout_marginEnd="@dimen/spacing_small" app:layout_constraintBottom_toBottomOf="0" app:layout_constraintEnd_toStartOf="@+id/btn_agree" app:layout_constraintStart_toStartOf="0" app:layout_constraintTop_toTopOf="@+id/btn_agree" app:layout_goneMarginEnd="0dp" style="@style/BlueGrayButtonStyle"/>
    <Button android:textSize="@dimen/small_text_size" android:id="@+id/btn_agree" android:layout_width="0dp" android:layout_height="wrap_content" app:layout_constraintBottom_toBottomOf="0" app:layout_constraintEnd_toEndOf="0" app:layout_constraintStart_toEndOf="@+id/btn_disagree" style="@style/BlueGrayButtonStyle"/>
</androidx.constraintlayout.widget.ConstraintLayout>
